antecedents,consequents,antecedent support,consequent support,support,confidence,lift,leverage,conviction,zhangs_metric
frozenset({'capital.loss=0'}),frozenset({'capital.gain=0'}),0.9526888137391419,0.9158543863139049,0.8685432000530469,0.9116756568644511,0.9954373429751511,-0.003981028802137021,0.9526888137391424,-0.0883243431355483
frozenset({'capital.gain=0'}),frozenset({'capital.loss=0'}),0.9158543863139049,0.9526888137391419,0.8685432000530469,0.94834202143064,0.995437342975151,-0.003981028802137021,0.9158543863139041,-0.05165797856935961
frozenset({'UnitedStates'}),frozenset({'capital.gain=0'}),0.911875870300378,0.9158543863139049,0.8336648763344606,0.9142306573589296,0.9982270883022022,-0.0014806392539500335,0.9810686557110466,-0.019755914780139293
frozenset({'capital.gain=0'}),frozenset({'UnitedStates'}),0.9158543863139049,0.911875870300378,0.8336648763344606,0.9102591949029829,0.9982270883022022,-0.0014806392539500335,0.9819850580162801,-0.020670692385006177
frozenset({'capital.loss=0'}),frozenset({'UnitedStates'}),0.9526888137391419,0.911875870300378,0.867813805450567,0.9109100400208805,0.998940831410333,-0.0009201357032477819,0.9891589323900937,-0.021919768916630916
frozenset({'UnitedStates'}),frozenset({'capital.loss=0'}),0.911875870300378,0.9526888137391419,0.867813805450567,0.9516797556719023,0.998940831410333,-0.0009201357032477819,0.9791172813533798,-0.011888753681282279
"frozenset({'capital.loss=0', 'UnitedStates'})",frozenset({'capital.gain=0'}),0.867813805450567,0.9158543863139049,0.7896028114846496,0.909875835721108,0.9934721603323219,-0.005188268741013857,0.9336631785644509,-0.04735426548843
"frozenset({'capital.loss=0', 'capital.gain=0'})",frozenset({'UnitedStates'}),0.8685432000530469,0.911875870300378,0.7896028114846496,0.9091117303508036,0.9969687322149846,-0.0024007749571978154,0.9695874950613189,-0.02260628773293466
"frozenset({'UnitedStates', 'capital.gain=0'})",frozenset({'capital.loss=0'}),0.8336648763344606,0.9526888137391419,0.7896028114846496,0.9471465500099423,0.9941825036157954,-0.004620390606416169,0.8951390357631868,-0.03398368745682437
frozenset({'capital.loss=0'}),"frozenset({'UnitedStates', 'capital.gain=0'})",0.9526888137391419,0.8336648763344606,0.7896028114846496,0.8288150339307465,0.9941825036157954,-0.004620390606416169,0.9716689933989174,-0.11006843234072577
frozenset({'UnitedStates'}),"frozenset({'capital.loss=0', 'capital.gain=0'})",0.911875870300378,0.8685432000530469,0.7896028114846496,0.8659104130308319,0.9969687322149847,-0.0024007749571978154,0.9803654625111173,-0.0333515842772146
frozenset({'capital.gain=0'}),"frozenset({'capital.loss=0', 'UnitedStates'})",0.9158543863139049,0.867813805450567,0.7896028114846496,0.862148856067188,0.9934721603323219,-0.005188268741013857,0.9589053146621693,-0.07243162496883247
frozenset({'UnitedStates'}),frozenset({'white'}),0.911875870300378,0.8597904648232876,0.8029308401299649,0.8805264688772542,1.024117508744678,0.018908661743263,1.1735614898053246,0.26723160039721977
frozenset({'white'}),frozenset({'UnitedStates'}),0.8597904648232876,0.911875870300378,0.8029308401299649,0.9338680445764085,1.0241175087446783,0.018908661743263,1.332549886589096,0.1679597053336037
frozenset({'white'}),frozenset({'capital.gain=0'}),0.8597904648232876,0.9158543863139049,0.7846959750679663,0.9126595457525161,0.99651162825758,-0.0027468934513128485,0.9634208387291403,-0.02435864029641348
frozenset({'capital.gain=0'}),frozenset({'white'}),0.9158543863139049,0.8597904648232876,0.7846959750679663,0.8567911960613959,0.99651162825758,-0.0027468934513128485,0.9790566733370837,-0.03993993130074146
frozenset({'capital.loss=0'}),frozenset({'white'}),0.9526888137391419,0.8597904648232876,0.8172866520787746,0.8578736732208109,0.997770629379019,-0.0018261059179487393,0.9865134655491753,-0.04509693316217176
frozenset({'white'}),frozenset({'capital.loss=0'}),0.8597904648232876,0.9526888137391419,0.8172866520787746,0.9505649172868545,0.9977706293790188,-0.0018261059179487393,0.957036656242458,-0.015685838588122777
"frozenset({'capital.loss=0', 'UnitedStates'})",frozenset({'white'}),0.867813805450567,0.8597904648232876,0.7620847423910881,0.8781661891117478,1.0213723285384853,0.015946707222679102,1.1508261471465808,0.1583002694020509
"frozenset({'capital.loss=0', 'white'})",frozenset({'UnitedStates'}),0.8172866520787746,0.911875870300378,0.7620847423910881,0.9324571011317999,1.0225702110361166,0.01682076524187337,1.3047134662014306,0.12080146676107494
"frozenset({'UnitedStates', 'white'})",frozenset({'capital.loss=0'}),0.8029308401299649,0.9526888137391419,0.7620847423910881,0.9491287472128169,0.9962631381045062,-0.0028584872069007394,0.9300181078453416,-0.018677809456777918
frozenset({'capital.loss=0'}),"frozenset({'UnitedStates', 'white'})",0.9526888137391419,0.8029308401299649,0.7620847423910881,0.7999303984687663,0.9962631381045062,-0.0028584872069007394,0.9850030107610821,-0.07345724138398578
frozenset({'UnitedStates'}),"frozenset({'capital.loss=0', 'white'})",0.911875870300378,0.8172866520787746,0.7620847423910881,0.8357329842931938,1.0225702110361166,0.01682076524187337,1.1122948032814044,0.2504653436118451
frozenset({'white'}),"frozenset({'capital.loss=0', 'UnitedStates'})",0.8597904648232876,0.867813805450567,0.7620847423910881,0.8863610072108896,1.0213723285384853,0.015946707222679102,1.163211599338462,0.14924170586568383
"frozenset({'UnitedStates', 'white'})",frozenset({'capital.gain=0'}),0.8029308401299649,0.9158543863139049,0.7316490948876069,0.9112230572301593,0.9949431600121657,-0.00371863695213015,0.9478318475580689,-0.025142215231089463
"frozenset({'UnitedStates', 'capital.gain=0'})",frozenset({'white'}),0.8336648763344606,0.8597904648232876,0.7316490948876069,0.8776297474647046,1.0207484071657895,0.014871983357152452,1.1457812031259116,0.12220306134058068
"frozenset({'white', 'capital.gain=0'})",frozenset({'UnitedStates'}),0.7846959750679663,0.911875870300378,0.7316490948876069,0.9323981747507183,1.0225055899807725,0.01610376970130145,1.3035761885816592,0.10222863519142528
frozenset({'UnitedStates'}),"frozenset({'white', 'capital.gain=0'})",0.911875870300378,0.7846959750679663,0.7316490948876069,0.8023560209424083,1.0225055899807725,0.01610376970130145,1.0893528148879053,0.24976401690485925
frozenset({'white'}),"frozenset({'UnitedStates', 'capital.gain=0'})",0.8597904648232876,0.8336648763344606,0.7316490948876069,0.8509620946284656,1.0207484071657895,0.014871983357152452,1.116059188103087,0.1449734591500811
frozenset({'capital.gain=0'}),"frozenset({'UnitedStates', 'white'})",0.9158543863139049,0.8029308401299649,0.7316490948876069,0.7988705473501303,0.9949431600121658,-0.00371863695213015,0.979812540001773,-0.05696118643040446
"frozenset({'capital.loss=0', 'white'})",frozenset({'capital.gain=0'}),0.8172866520787746,0.9158543863139049,0.7421921623234533,0.9081173177558719,0.9915520756643719,-0.006323402858698701,0.9157940498789969,-0.04455239821446921
"frozenset({'capital.loss=0', 'capital.gain=0'})",frozenset({'white'}),0.8685432000530469,0.8597904648232876,0.7421921623234533,0.8545253273275566,0.9938762550747604,-0.004572999369261477,0.9638071878835831,-0.04477222361044205
"frozenset({'white', 'capital.gain=0'})",frozenset({'capital.loss=0'}),0.7846959750679663,0.9526888137391419,0.7421921623234533,0.945834037519013,0.9928048108456053,-0.005378915309926846,0.8734486399547484,-0.03256477561057353
frozenset({'capital.loss=0'}),"frozenset({'white', 'capital.gain=0'})",0.9526888137391419,0.7846959750679663,0.7421921623234533,0.7790499390986602,0.9928048108456053,-0.005378915309926846,0.9744465516493918,-0.1328359882263755
frozenset({'white'}),"frozenset({'capital.loss=0', 'capital.gain=0'})",0.8597904648232876,0.8685432000530469,0.7421921623234533,0.8632244630393706,0.9938762550747604,-0.004572999369261477,0.9611133896318957,-0.04209492149212838
frozenset({'capital.gain=0'}),"frozenset({'capital.loss=0', 'white'})",0.9158543863139049,0.8172866520787746,0.7421921623234533,0.8103822762814943,0.9915520756643719,-0.006323402858698701,0.9635879196212158,-0.09194250896139844
"frozenset({'capital.loss=0', 'UnitedStates', 'white'})",frozenset({'capital.gain=0'}),0.7620847423910881,0.9158543863139049,0.6908029971487302,0.9064648046637083,0.9897477352398917,-0.007155656913050201,0.8996144540412,-0.04172194486346954
"frozenset({'capital.loss=0', 'UnitedStates', 'capital.gain=0'})",frozenset({'white'}),0.7896028114846496,0.8597904648232876,0.6908029971487302,0.8748740342626805,1.017543308580996,0.011910028836568554,1.120547077103551,0.08194428453214668
"frozenset({'capital.loss=0', 'white', 'capital.gain=0'})",frozenset({'UnitedStates'}),0.7421921623234533,0.911875870300378,0.6908029971487302,0.9307602966139552,1.0207094265005132,0.014015873199911821,1.2727398499714453,0.07869911169888798
"frozenset({'UnitedStates', 'white', 'capital.gain=0'})",frozenset({'capital.loss=0'}),0.7316490948876069,0.9526888137391419,0.6908029971487302,0.9441725575493928,0.9910608206300604,-0.006230911133060957,0.84745394351024,-0.032518966855958266
"frozenset({'capital.loss=0', 'UnitedStates'})","frozenset({'white', 'capital.gain=0'})",0.867813805450567,0.7846959750679663,0.6908029971487302,0.7960267430754536,1.0144396917627951,0.00983299690325512,1.0555502627076196,0.10768261391661481
"frozenset({'capital.loss=0', 'white'})","frozenset({'UnitedStates', 'capital.gain=0'})",0.8172866520787746,0.8336648763344606,0.6908029971487302,0.8452395440347248,1.013884077437875,0.009459821413673186,1.0747908606760712,0.0749477240565898
"frozenset({'capital.loss=0', 'capital.gain=0'})","frozenset({'UnitedStates', 'white'})",0.8685432000530469,0.8029308401299649,0.6908029971487302,0.7953582471275337,0.9905688103832138,-0.006577124159030889,0.9629958554589275,-0.0675353489471701
"frozenset({'UnitedStates', 'white'})","frozenset({'capital.loss=0', 'capital.gain=0'})",0.8029308401299649,0.8685432000530469,0.6908029971487302,0.8603518044429763,0.9905688103832139,-0.006577124159030889,0.9413426319087261,-0.04608634105408493
"frozenset({'UnitedStates', 'capital.gain=0'})","frozenset({'capital.loss=0', 'white'})",0.8336648763344606,0.8172866520787746,0.6908029971487302,0.8286339232451779,1.013884077437875,0.009459821413673186,1.066216554532191,0.08232746806375653
"frozenset({'white', 'capital.gain=0'})","frozenset({'capital.loss=0', 'UnitedStates'})",0.7846959750679663,0.867813805450567,0.6908029971487302,0.8803447693087714,1.0144396917627951,0.00983299690325512,1.1047255835437788,0.06611188507630784
frozenset({'capital.loss=0'}),"frozenset({'UnitedStates', 'white', 'capital.gain=0'})",0.9526888137391419,0.7316490948876069,0.6908029971487302,0.7251087523925527,0.9910608206300605,-0.006230911133060957,0.9762075273331583,-0.160121599298561
frozenset({'UnitedStates'}),"frozenset({'capital.loss=0', 'white', 'capital.gain=0'})",0.911875870300378,0.7421921623234533,0.6908029971487302,0.7575625363583478,1.0207094265005132,0.014015873199911821,1.0633993352513105,0.23023487305137438
frozenset({'white'}),"frozenset({'capital.loss=0', 'UnitedStates', 'capital.gain=0'})",0.8597904648232876,0.7896028114846496,0.6908029971487302,0.8034550572629467,1.017543308580996,0.011910028836568554,1.0704787698192229,0.1229648686784116
frozenset({'capital.gain=0'}),"frozenset({'capital.loss=0', 'UnitedStates', 'white'})",0.9158543863139049,0.7620847423910881,0.6908029971487302,0.7542716478424558,0.9897477352398918,-0.007155656913050201,0.9682043423966677,-0.10960863152365066
frozenset({'<50K'}),frozenset({'capital.gain=0'}),0.7510775147536636,0.9158543863139049,0.7198130097473643,0.9583737971219211,1.0464259509408986,0.03193537339847485,2.02145782867953,0.17823302511681344
frozenset({'capital.gain=0'}),frozenset({'<50K'}),0.9158543863139049,0.7510775147536636,0.7198130097473643,0.7859470026064292,1.0464259509408986,0.03193537339847485,1.1629011893192625,0.527255142859352
frozenset({'<50K'}),frozenset({'UnitedStates'}),0.7510775147536636,0.911875870300378,0.6799615410118692,0.9053147347046878,0.9928047930542028,-0.004927921417172687,0.9307058434569861,-0.02829120397958592
frozenset({'UnitedStates'}),frozenset({'<50K'}),0.911875870300378,0.7510775147536636,0.6799615410118692,0.745673356602676,0.9928047930542029,-0.004927921417172687,0.9787511128256235,-0.0759907776923485
frozenset({'<50K'}),frozenset({'white'}),0.7510775147536636,0.8597904648232876,0.6330482063523639,0.842853359230158,0.9803008915705868,-0.012721079176008177,0.8922210140149559,-0.07469761352536568
frozenset({'white'}),frozenset({'<50K'}),0.8597904648232876,0.7510775147536636,0.6330482063523639,0.7362819573516369,0.9803008915705868,-0.012721079176008177,0.9438963020753389,-0.12535494448312628
frozenset({'capital.loss=0'}),frozenset({'<50K'}),0.9526888137391419,0.7510775147536636,0.7282010476758836,0.7643640160083522,1.0176899201396628,0.012657901119072945,1.0563857057382187,0.367406268549019
frozenset({'<50K'}),frozenset({'capital.loss=0'}),0.7510775147536636,0.9526888137391419,0.7282010476758836,0.9695418027721373,1.0176899201396628,0.012657901119072945,1.55331538196156,0.06983067997062473
"frozenset({'capital.loss=0', '<50K'})",frozenset({'capital.gain=0'}),0.7282010476758836,0.9158543863139049,0.6969365426695843,0.957066108177017,1.0449981159439323,0.03001041903724533,1.9598878674458051,0.1584276734661848
"frozenset({'capital.loss=0', 'capital.gain=0'})",frozenset({'<50K'}),0.8685432000530469,0.7510775147536636,0.6969365426695843,0.80242012444173,1.0683586030463257,0.0445932745175478,1.259857485702913,0.4867355547233048
"frozenset({'<50K', 'capital.gain=0'})",frozenset({'capital.loss=0'}),0.7198130097473643,0.9526888137391419,0.6969365426695843,0.9682188752245405,1.0163012950938783,0.011178740299366385,1.4886567607383894,0.05724685916379211
frozenset({'capital.loss=0'}),"frozenset({'<50K', 'capital.gain=0'})",0.9526888137391419,0.7198130097473643,0.6969365426695843,0.7315468940316687,1.0163012950938783,0.011178740299366385,1.0437092513494282,0.3390281757485681
frozenset({'<50K'}),"frozenset({'capital.loss=0', 'capital.gain=0'})",0.7510775147536636,0.8685432000530469,0.6969365426695843,0.9279155998940585,1.0683586030463257,0.0445932745175478,1.8236511610522215,0.2570466801382398
frozenset({'capital.gain=0'}),"frozenset({'capital.loss=0', '<50K'})",0.9158543863139049,0.7282010476758836,0.6969365426695843,0.760968722849696,1.0449981159439323,0.03001041903724533,1.137085303498621,0.5117376150810807
"frozenset({'<50K', 'UnitedStates'})",frozenset({'capital.gain=0'}),0.6799615410118692,0.9158543863139049,0.6514488429149261,0.9580671900141402,1.0460911738056218,0.028703083054443468,2.0066771989396823,0.13767213899491865
"frozenset({'<50K', 'capital.gain=0'})",frozenset({'UnitedStates'}),0.7198130097473643,0.911875870300378,0.6514488429149261,0.9050251024826125,0.9924871706326555,-0.004931271801986159,0.9278675945240026,-0.026305901835702444
"frozenset({'UnitedStates', 'capital.gain=0'})",frozenset({'<50K'}),0.8336648763344606,0.7510775147536636,0.6514488429149261,0.7814277192284749,1.0404088844075774,0.0253018994602191,1.1388566032603948,0.23350105290645284
frozenset({'<50K'}),"frozenset({'UnitedStates', 'capital.gain=0'})",0.7510775147536636,0.8336648763344606,0.6514488429149261,0.8673523439569171,1.0404088844075774,0.0253018994602191,1.2539620271278298,0.15603020543842216
frozenset({'UnitedStates'}),"frozenset({'<50K', 'capital.gain=0'})",0.911875870300378,0.7198130097473643,0.6514488429149261,0.7144051774287377,0.9924871706326555,-0.004931271801986159,0.9810646696255243,-0.07910331638914454
frozenset({'capital.gain=0'}),"frozenset({'<50K', 'UnitedStates'})",0.9158543863139049,0.6799615410118692,0.6514488429149261,0.7113017665797857,1.0460911738056218,0.028703083054443468,1.1085570396348747,0.5236206295184986
"frozenset({'capital.loss=0', '<50K'})",frozenset({'UnitedStates'}),0.7282010476758836,0.911875870300378,0.6587427889397255,0.9046166454197778,0.9920392400796735,-0.005286175163367823,0.9238942170513118,-0.028677503712987527
"frozenset({'capital.loss=0', 'UnitedStates'})",frozenset({'<50K'}),0.867813805450567,0.7510775147536636,0.6587427889397255,0.7590830945558739,1.010658793060575,0.006947352672994289,1.0332296307204019,0.07978428761055993
"frozenset({'<50K', 'UnitedStates'})",frozenset({'capital.loss=0'}),0.6799615410118692,0.9526888137391419,0.6587427889397255,0.9687941879174996,1.016905178213594,0.010951035044888924,1.5161017484749018,0.05194420741675894
frozenset({'capital.loss=0'}),"frozenset({'<50K', 'UnitedStates'})",0.9526888137391419,0.6799615410118692,0.6587427889397255,0.6914564120410649,1.016905178213594,0.010951035044888924,1.0372552581800065,0.3513787205283628
frozenset({'<50K'}),"frozenset({'capital.loss=0', 'UnitedStates'})",0.7510775147536636,0.867813805450567,0.6587427889397255,0.8770636532179747,1.010658793060575,0.006947352672994289,1.0752409520010255,0.04236813461684902
frozenset({'UnitedStates'}),"frozenset({'capital.loss=0', '<50K'})",0.911875870300378,0.7282010476758836,0.6587427889397255,0.7224040139616056,0.9920392400796735,-0.005286175163367823,0.9791170117514733,-0.083460683002411
"frozenset({'capital.loss=0', '<50K', 'UnitedStates'})",frozenset({'capital.gain=0'}),0.6587427889397255,0.9158543863139049,0.6302300908427823,0.9567164930293421,1.0446163793350354,0.026917618139679744,1.944057207359327,0.1251571472556699
"frozenset({'capital.loss=0', '<50K', 'capital.gain=0'})",frozenset({'UnitedStates'}),0.6969365426695843,0.911875870300378,0.6302300908427823,0.9042861900004756,0.9916768492871708,-0.005289525548181406,0.9207044385764177,-0.026947608852931727
"frozenset({'capital.loss=0', 'UnitedStates', 'capital.gain=0'})",frozenset({'<50K'}),0.7896028114846496,0.7510775147536636,0.6302300908427823,0.798160900235136,1.0626877846248861,0.03717717355038608,1.233271876144528,0.28037371850847614
"frozenset({'<50K', 'UnitedStates', 'capital.gain=0'})",frozenset({'capital.loss=0'}),0.6514488429149261,0.9526888137391419,0.6302300908427823,0.9674283678558704,1.0154715305818258,0.00960206547442466,1.4525273419368687,0.043711831054689246
"frozenset({'capital.loss=0', '<50K'})","frozenset({'UnitedStates', 'capital.gain=0'})",0.7282010476758836,0.8336648763344606,0.6302300908427823,0.8654616645419777,1.038140971402471,0.023154454485442066,1.2363399851742487,0.13517228026615785
"frozenset({'capital.loss=0', 'UnitedStates'})","frozenset({'<50K', 'capital.gain=0'})",0.867813805450567,0.7198130097473643,0.6302300908427823,0.7262273161413562,1.0089110731636306,0.005566423641096052,1.0234293148008284,0.06681762284318056
"frozenset({'capital.loss=0', 'capital.gain=0'})","frozenset({'<50K', 'UnitedStates'})",0.8685432000530469,0.6799615410118692,0.6302300908427823,0.7256174371111196,1.0671448212075474,0.03965411809933228,1.1663950347957792,0.4786368201376962
"frozenset({'<50K', 'UnitedStates'})","frozenset({'capital.loss=0', 'capital.gain=0'})",0.6799615410118692,0.8685432000530469,0.6302300908427823,0.9268613779316397,1.0671448212075474,0.03965411809933228,1.797365006741373,0.19660157379529328
"frozenset({'<50K', 'capital.gain=0'})","frozenset({'capital.loss=0', 'UnitedStates'})",0.7198130097473643,0.867813805450567,0.6302300908427823,0.8755469577633457,1.0089110731636306,0.005566423641096052,1.0621371094976826,0.031523117060201264
"frozenset({'UnitedStates', 'capital.gain=0'})","frozenset({'capital.loss=0', '<50K'})",0.8336648763344606,0.7282010476758836,0.6302300908427823,0.7559753430105388,1.038140971402471,0.023154454485442066,1.113817577605917,0.22087748726768233
frozenset({'capital.loss=0'}),"frozenset({'<50K', 'UnitedStates', 'capital.gain=0'})",0.9526888137391419,0.6514488429149261,0.6302300908427823,0.6615277536105794,1.0154715305818258,0.00960206547442466,1.0297776577050788,0.3220339732851771
frozenset({'<50K'}),"frozenset({'capital.loss=0', 'UnitedStates', 'capital.gain=0'})",0.7510775147536636,0.7896028114846496,0.6302300908427823,0.8391012624702038,1.062687784624886,0.03717717355038608,1.3076372863173507,0.23698076953313654
frozenset({'UnitedStates'}),"frozenset({'capital.loss=0', '<50K', 'capital.gain=0'})",0.911875870300378,0.6969365426695843,0.6302300908427823,0.6911358347876672,0.9916768492871707,-0.005289525548181406,0.9812192266528255,-0.08695872322782455
frozenset({'capital.gain=0'}),"frozenset({'capital.loss=0', '<50K', 'UnitedStates'})",0.9158543863139049,0.6587427889397255,0.6302300908427823,0.6881335070952794,1.0446163793350354,0.026917618139679744,1.0942413462947211,0.5075817638702168
"frozenset({'<50K', 'white'})",frozenset({'capital.gain=0'}),0.6330482063523639,0.9158543863139049,0.6058948345600425,0.9571069445899235,1.045042704268798,0.02611485802407998,1.961753782322709,0.11745767613909697
"frozenset({'<50K', 'capital.gain=0'})",frozenset({'white'}),0.7198130097473643,0.8597904648232876,0.6058948345600425,0.8417392105384367,0.9790050541109909,-0.012993527676493533,0.8859398190400474,-0.07109714439013749
"frozenset({'white', 'capital.gain=0'})",frozenset({'<50K'}),0.7846959750679663,0.7510775147536636,0.6058948345600425,0.7721395977691398,1.0280424890929987,0.01652733176879162,1.0924341518283498,0.12669321191780986
frozenset({'<50K'}),"frozenset({'white', 'capital.gain=0'})",0.7510775147536636,0.7846959750679663,0.6058948345600425,0.8067008033901297,1.0280424890929987,0.01652733176879162,1.113838177851174,0.10958254104878229
frozenset({'white'}),"frozenset({'<50K', 'capital.gain=0'})",0.8597904648232876,0.7198130097473643,0.6058948345600425,0.7047005745575136,0.9790050541109908,-0.012993527676493533,0.9488233505120921,-0.1326604395216171
frozenset({'capital.gain=0'}),"frozenset({'<50K', 'white'})",0.9158543863139049,0.6330482063523639,0.6058948345600425,0.6615624094989864,1.045042704268798,0.02611485802407998,1.0842524706088672,0.5122228366853921
"frozenset({'<50K', 'UnitedStates'})",frozenset({'white'}),0.6799615410118692,0.8597904648232876,0.5861348716928586,0.8620117996976938,1.002583577005431,0.0015104222843046466,1.0160980059855822,0.008051905211759018
"frozenset({'<50K', 'white'})",frozenset({'UnitedStates'}),0.6330482063523639,0.911875870300378,0.5861348716928586,0.9258929506651304,1.0153716978607352,0.008873487583203499,1.1891463833813312,0.04125606198137363
"frozenset({'UnitedStates', 'white'})",frozenset({'<50K'}),0.8029308401299649,0.7510775147536636,0.5861348716928586,0.7299942191758197,0.9719292680666141,-0.016928428231026582,0.9219153919094323,-0.1278219821545584
frozenset({'<50K'}),"frozenset({'UnitedStates', 'white'})",0.7510775147536636,0.8029308401299649,0.5861348716928586,0.7803919837556281,0.971929268066614,-0.016928428231026582,0.897367788481563,-0.10396344792212019
frozenset({'UnitedStates'}),"frozenset({'<50K', 'white'})",0.911875870300378,0.6330482063523639,0.5861348716928586,0.6427792321116929,1.0153716978607352,0.008873487583203499,1.0272409295149703,0.17179160797962506
frozenset({'white'}),"frozenset({'<50K', 'UnitedStates'})",0.8597904648232876,0.6799615410118692,0.5861348716928586,0.6817182740138048,1.0025835770054308,0.0015104222843046466,1.0055194277852186,0.018379059117784303
"frozenset({'capital.loss=0', '<50K'})",frozenset({'white'}),0.7282010476758836,0.8597904648232876,0.6129898547841655,0.8417865598251684,0.979060124838882,-0.01311046248188752,0.8862049584521755,-0.07294919163800012
"frozenset({'capital.loss=0', 'white'})",frozenset({'<50K'}),0.8172866520787746,0.7510775147536636,0.6129898547841655,0.7500304247292199,0.9986058828764337,-0.0008557727005026328,0.9958111301212981,-0.007582792153005845
"frozenset({'<50K', 'white'})",frozenset({'capital.loss=0'}),0.6330482063523639,0.9526888137391419,0.6129898547841655,0.9683146538179532,1.01640183011857,0.009891910034640294,1.4931566784542518,0.04397621590528309
frozenset({'capital.loss=0'}),"frozenset({'<50K', 'white'})",0.9526888137391419,0.6330482063523639,0.6129898547841655,0.6434313554898208,1.01640183011857,0.009891910034640294,1.0291196360008612,0.34108532420439586
frozenset({'<50K'}),"frozenset({'capital.loss=0', 'white'})",0.7510775147536636,0.8172866520787746,0.6129898547841655,0.8161472587622494,0.9986058828764336,-0.0008557727005026328,0.9938026851878601,-0.005577147227041727
frozenset({'white'}),"frozenset({'capital.loss=0', '<50K'})",0.8597904648232876,0.7282010476758836,0.6129898547841655,0.7129526086453553,0.979060124838882,-0.01311046248188752,0.9468783222220997,-0.13235206274497713
"frozenset({'capital.loss=0', '<50K', 'white'})",frozenset({'capital.gain=0'}),0.6129898547841655,0.9158543863139049,0.585836482991844,0.9557033912055817,1.0435101971308556,0.02442703572184246,1.8995949346058745,0.10773876766679803
"frozenset({'capital.loss=0', '<50K', 'capital.gain=0'})",frozenset({'white'}),0.6969365426695843,0.8597904648232876,0.585836482991844,0.8405879834451262,0.9776660917237456,-0.013382910982372875,0.8795418200386959,-0.07009382104902624
"frozenset({'capital.loss=0', 'white', 'capital.gain=0'})",frozenset({'<50K'}),0.7421921623234533,0.7510775147536636,0.585836482991844,0.7893326186009113,1.0509336294800338,0.028392638244297053,1.1815900667354724,0.187989338140253
"frozenset({'<50K', 'white', 'capital.gain=0'})",frozenset({'capital.loss=0'}),0.6058948345600425,0.9526888137391419,0.585836482991844,0.9668946648426812,1.0149113235073934,0.00860725180416344,1.429110626309386,0.037280005469348315
"frozenset({'capital.loss=0', '<50K'})","frozenset({'white', 'capital.gain=0'})",0.7282010476758836,0.7846959750679663,0.585836482991844,0.8044982698961937,1.0252356268636553,0.014420051840301928,1.1012896142541186,0.09056129609372314
"frozenset({'capital.loss=0', 'white'})","frozenset({'<50K', 'capital.gain=0'})",0.8172866520787746,0.7198130097473643,0.585836482991844,0.7168066204210782,0.9958233745631505,-0.002457081867325739,0.9893839703076526,-0.02243967207608058
"frozenset({'capital.loss=0', 'capital.gain=0'})","frozenset({'<50K', 'white'})",0.8685432000530469,0.6330482063523639,0.585836482991844,0.674504714280261,1.065487126433499,0.03600676805872027,1.127364388200671,0.46754635031625674
"frozenset({'<50K', 'white'})","frozenset({'capital.loss=0', 'capital.gain=0'})",0.6330482063523639,0.8685432000530469,0.585836482991844,0.9254215984078767,1.0654871264334993,0.03600676805872027,1.762665827378596,0.16749379101951198
"frozenset({'<50K', 'capital.gain=0'})","frozenset({'capital.loss=0', 'white'})",0.7198130097473643,0.8172866520787746,0.585836482991844,0.8138731518585047,0.9958233745631504,-0.002457081867325739,0.9816603555351945,-0.01474831594954584
"frozenset({'white', 'capital.gain=0'})","frozenset({'capital.loss=0', '<50K'})",0.7846959750679663,0.7282010476758836,0.585836482991844,0.7465776575967551,1.0252356268636553,0.014420051840301928,1.072513771858484,0.11432422318699449
frozenset({'capital.loss=0'}),"frozenset({'<50K', 'white', 'capital.gain=0'})",0.9526888137391419,0.6058948345600425,0.585836482991844,0.6149295284496259,1.0149113235073934,0.00860725180416344,1.0234624427399168,0.3105447967863652
frozenset({'<50K'}),"frozenset({'capital.loss=0', 'white', 'capital.gain=0'})",0.7510775147536636,0.7421921623234533,0.585836482991844,0.7799947029222212,1.0509336294800338,0.028392638244297053,1.1718255928419918,0.19469966613993178
frozenset({'white'}),"frozenset({'capital.loss=0', '<50K', 'capital.gain=0'})",0.8597904648232876,0.6969365426695843,0.585836482991844,0.681371225851232,0.9776660917237457,-0.013382910982372875,0.9511490546955913,-0.14010178629517825
frozenset({'capital.gain=0'}),"frozenset({'capital.loss=0', '<50K', 'white'})",0.9158543863139049,0.6129898547841655,0.585836482991844,0.639661164205039,1.0435101971308556,0.02442703572184246,1.074017304746053,0.49552192079374857
"frozenset({'<50K', 'UnitedStates', 'white'})",frozenset({'capital.gain=0'}),0.5861348716928586,0.9158543863139049,0.561037066507526,0.9571808360201368,1.0451233845945325,0.024222873296083636,1.9651391074722226,0.10432184698266815
"frozenset({'<50K', 'UnitedStates', 'capital.gain=0'})",frozenset({'white'}),0.6514488429149261,0.8597904648232876,0.561037066507526,0.8612143111608733,1.001656038762745,0.0009275630491089037,1.0102593167169864,0.004743352012675258
"frozenset({'<50K', 'white', 'capital.gain=0'})",frozenset({'UnitedStates'}),0.6058948345600425,0.911875870300378,0.561037066507526,0.9259644322845417,1.0154500874987764,0.008536186932583845,1.1902945086922339,0.03860648256445768
"frozenset({'UnitedStates', 'white', 'capital.gain=0'})",frozenset({'<50K'}),0.7316490948876069,0.7510775147536636,0.561037066507526,0.7668116730106943,1.0209487808487931,0.011511882647574856,1.0674740389460073,0.07646307056254008
"frozenset({'<50K', 'UnitedStates'})","frozenset({'white', 'capital.gain=0'})",0.6799615410118692,0.7846959750679663,0.561037066507526,0.8251011750938613,1.051491534695836,0.027473982074500358,1.231020420220541,0.15301284313950816
"frozenset({'<50K', 'white'})","frozenset({'UnitedStates', 'capital.gain=0'})",0.6330482063523639,0.8336648763344606,0.561037066507526,0.8862469885828009,1.0630734408285718,0.03328701184503047,1.4622480899032275,0.16168667890818325
"frozenset({'<50K', 'capital.gain=0'})","frozenset({'UnitedStates', 'white'})",0.7198130097473643,0.8029308401299649,0.561037066507526,0.7794205702178619,0.97071943343427,-0.016922998145403767,0.8934158550716921,-0.09719253852643242
"frozenset({'UnitedStates', 'white'})","frozenset({'<50K', 'capital.gain=0'})",0.8029308401299649,0.7198130097473643,0.561037066507526,0.6987364770005782,0.97071943343427,-0.016922998145403767,0.9300395463183023,-0.13274386734361363
"frozenset({'UnitedStates', 'capital.gain=0'})","frozenset({'<50K', 'white'})",0.8336648763344606,0.6330482063523639,0.561037066507526,0.6729767349373633,1.0630734408285718,0.03328701184503047,1.1220969051769196,0.356696863096626
"frozenset({'white', 'capital.gain=0'})","frozenset({'<50K', 'UnitedStates'})",0.7846959750679663,0.6799615410118692,0.561037066507526,0.714973804292716,1.051491534695836,0.027473982074500358,1.1228387559043997,0.22744579224294306
frozenset({'<50K'}),"frozenset({'UnitedStates', 'white', 'capital.gain=0'})",0.7510775147536636,0.7316490948876069,0.561037066507526,0.7469762514346252,1.0209487808487931,0.011511882647574856,1.0605759602959095,0.08243101933047409
frozenset({'UnitedStates'}),"frozenset({'<50K', 'white', 'capital.gain=0'})",0.911875870300378,0.6058948345600425,0.561037066507526,0.6152559627690518,1.0154500874987764,0.008536186932583845,1.0243307947704208,0.17265434847393096
frozenset({'white'}),"frozenset({'<50K', 'UnitedStates', 'capital.gain=0'})",0.8597904648232876,0.6514488429149261,0.561037066507526,0.6525276674507384,1.0016560387627447,0.0009275630491089037,1.0031047782362912,0.011791643345768498
frozenset({'capital.gain=0'}),"frozenset({'<50K', 'UnitedStates', 'white'})",0.9158543863139049,0.5861348716928586,0.561037066507526,0.6125832609325225,1.0451233845945325,0.024222873296083636,1.06826857637418,0.5131007154785842
"frozenset({'capital.loss=0', '<50K', 'UnitedStates'})",frozenset({'white'}),0.6587427889397255,0.8597904648232876,0.566938531927591,0.8606371734863355,1.0009847848954943,0.0005577632261156706,1.0060755703958466,0.002882916511136303
"frozenset({'capital.loss=0', '<50K', 'white'})",frozenset({'UnitedStates'}),0.6129898547841655,0.911875870300378,0.566938531927591,0.9248742495537888,1.014254548976199,0.00796787461097781,1.1730216227619248,0.036314842619269955
"frozenset({'capital.loss=0', 'UnitedStates', 'white'})",frozenset({'<50K'}),0.7620847423910881,0.7510775147536636,0.566938531927591,0.7439310884886453,0.9904851015712245,-0.005446182419193368,0.9720917848916565,-0.0388099584093413
"frozenset({'<50K', 'UnitedStates', 'white'})",frozenset({'capital.loss=0'}),0.5861348716928586,0.9526888137391419,0.566938531927591,0.9672492788053623,1.015283547845044,0.00853439632337738,1.444584562876872,0.03637290574830884
"frozenset({'capital.loss=0', '<50K'})","frozenset({'UnitedStates', 'white'})",0.7282010476758836,0.8029308401299649,0.566938531927591,0.7785467128027682,0.9696310988338053,-0.01775654706632679,0.8898904250381277,-0.10332594105688499
"frozenset({'capital.loss=0', 'UnitedStates'})","frozenset({'<50K', 'white'})",0.867813805450567,0.6330482063523639,0.566938531927591,0.6532951289398281,1.031983224001419,0.01757055893929027,1.0583981486200413,0.23445716121253654
"frozenset({'capital.loss=0', 'white'})","frozenset({'<50K', 'UnitedStates'})",0.8172866520787746,0.6799615410118692,0.566938531927591,0.6936838262139468,1.0201809725615614,0.01121504053167599,1.044797782084017,0.10826662464544588
"frozenset({'<50K', 'UnitedStates'})","frozenset({'capital.loss=0', 'white'})",0.6799615410118692,0.8172866520787746,0.566938531927591,0.8337802915793067,1.0201809725615614,0.01121504053167599,1.0992279414832538,0.06181056339180072
"frozenset({'<50K', 'white'})","frozenset({'capital.loss=0', 'UnitedStates'})",0.6330482063523639,0.867813805450567,0.566938531927591,0.8955692887818163,1.031983224001419,0.01757055893929027,1.2657789361719534,0.08445796004286077
"frozenset({'UnitedStates', 'white'})","frozenset({'capital.loss=0', '<50K'})",0.8029308401299649,0.7282010476758836,0.566938531927591,0.7060863820298952,0.9696310988338052,-0.01775654706632679,0.9247579414702799,-0.1371345693285987
frozenset({'capital.loss=0'}),"frozenset({'<50K', 'UnitedStates', 'white'})",0.9526888137391419,0.5861348716928586,0.566938531927591,0.5950930920480251,1.015283547845044,0.00853439632337738,1.0221241479936147,0.31818008581369234
frozenset({'<50K'}),"frozenset({'capital.loss=0', 'UnitedStates', 'white'})",0.7510775147536636,0.7620847423910881,0.566938531927591,0.7548335834731174,0.9904851015712245,-0.005446182419193368,0.9704235228434083,-0.037157569705034844
frozenset({'UnitedStates'}),"frozenset({'capital.loss=0', '<50K', 'white'})",0.911875870300378,0.6129898547841655,0.566938531927591,0.6217277486910995,1.014254548976199,0.00796787461097781,1.0230994842384,0.1594820007128436
frozenset({'white'}),"frozenset({'capital.loss=0', '<50K', 'UnitedStates'})",0.8597904648232876,0.6587427889397255,0.566938531927591,0.6593915088882891,1.0009847848954943,0.0005577632261156706,1.0019045912403601,0.007016755651247569
"frozenset({'capital.loss=0', 'white', '<50K', 'UnitedStates'})",frozenset({'capital.gain=0'}),0.566938531927591,0.9158543863139049,0.5418407267422585,0.9557309941520468,1.043540336142993,0.022607585506008387,1.900779384454723,0.09634584569407237
"frozenset({'white', '<50K', 'UnitedStates', 'capital.gain=0'})",frozenset({'capital.loss=0'}),0.561037066507526,0.9526888137391419,0.5418407267422585,0.9657841862663987,1.0137456977959673,0.007346989387515435,1.3827286595962678,0.030889431675525537
"frozenset({'capital.loss=0', 'white', '<50K', 'capital.gain=0'})",frozenset({'UnitedStates'}),0.585836482991844,0.911875870300378,0.5418407267422585,0.924900962082626,1.0142838430168761,0.007630573960358156,1.173438863445608,0.034002724847371865
"frozenset({'capital.loss=0', 'white', 'UnitedStates', 'capital.gain=0'})",frozenset({'<50K'}),0.6908029971487302,0.7510775147536636,0.5418407267422585,0.7843636014590133,1.0443177781939947,0.02299412845940807,1.1543620971717488,0.13724926666907147
"frozenset({'capital.loss=0', '<50K', 'UnitedStates', 'capital.gain=0'})",frozenset({'white'}),0.6302300908427823,0.8597904648232876,0.5418407267422585,0.8597506444315851,0.9999536859347345,-2.5096009080072257e-05,0.9997160743338813,-0.0001252411527144221
"frozenset({'white', '<50K', 'UnitedStates'})","frozenset({'capital.loss=0', 'capital.gain=0'})",0.5861348716928586,0.8685432000530469,0.5418407267422585,0.9244301148254991,1.06434557862987,0.032757269619461016,1.7395394957052257,0.14607544410064197
"frozenset({'capital.loss=0', 'white', '<50K'})","frozenset({'UnitedStates', 'capital.gain=0'})",0.6129898547841655,0.8336648763344606,0.5418407267422585,0.8839309859916707,1.0602953429898896,0.030812615259338205,1.4330708767251437,0.14693814950329234
"frozenset({'white', '<50K', 'capital.gain=0'})","frozenset({'capital.loss=0', 'UnitedStates'})",0.6058948345600425,0.867813805450567,0.5418407267422585,0.894281805745554,1.0304996303685732,0.016036824659866333,1.250363719146423,0.07509907860297851
"frozenset({'capital.loss=0', 'white', 'UnitedStates'})","frozenset({'<50K', 'capital.gain=0'})",0.7620847423910881,0.7198130097473643,0.5418407267422585,0.7109979987818672,0.9877537487567905,-0.006717785360815465,0.9694984431652994,-0.04953024603973977
"frozenset({'white', 'UnitedStates', 'capital.gain=0'})","frozenset({'capital.loss=0', '<50K'})",0.7316490948876069,0.7282010476758836,0.5418407267422585,0.7405745876382093,1.016991928261868,0.00905308931399118,1.0476959440853457,0.062261860694207166
"frozenset({'capital.loss=0', 'white', 'capital.gain=0'})","frozenset({'<50K', 'UnitedStates'})",0.7421921623234533,0.6799615410118692,0.5418407267422585,0.7300544983471813,1.0736702803231597,0.03717860032187181,1.1855669275042686,0.26614926691157137
"frozenset({'capital.loss=0', '<50K', 'UnitedStates'})","frozenset({'white', 'capital.gain=0'})",0.6587427889397255,0.7846959750679663,0.5418407267422585,0.822537621420303,1.0482245959641363,0.024927911656209112,1.2132375698736748,0.1348131991119482
"frozenset({'<50K', 'UnitedStates', 'capital.gain=0'})","frozenset({'capital.loss=0', 'white'})",0.6514488429149261,0.8172866520787746,0.5418407267422585,0.8317471627054811,1.01769331554593,0.00942028291572694,1.0859451219915777,0.04987992273666166
"frozenset({'capital.loss=0', '<50K', 'capital.gain=0'})","frozenset({'white', 'UnitedStates'})",0.6969365426695843,0.8029308401299649,0.5418407267422585,0.7774606346034917,0.9682784565575405,-0.017751116980703974,0.8855474154826866,-0.09755331290025204
"frozenset({'capital.loss=0', 'UnitedStates', 'capital.gain=0'})","frozenset({'white', '<50K'})",0.7896028114846496,0.6330482063523639,0.5418407267422585,0.6862193483372522,1.0839922480647428,0.041984083201117295,1.169453220595758,0.3682757280647981
"frozenset({'white', '<50K'})","frozenset({'capital.loss=0', 'UnitedStates', 'capital.gain=0'})",0.6330482063523639,0.7896028114846496,0.5418407267422585,0.8559233266994867,1.0839922480647428,0.041984083201117295,1.4603140376270805,0.21115628571550488
"frozenset({'white', 'UnitedStates'})","frozenset({'capital.loss=0', '<50K', 'capital.gain=0'})",0.8029308401299649,0.6969365426695843,0.5418407267422585,0.6748286398546536,0.9682784565575406,-0.017751116980703974,0.9320115313813344,-0.14254351532790543
"frozenset({'capital.loss=0', 'white'})","frozenset({'<50K', 'UnitedStates', 'capital.gain=0'})",0.8172866520787746,0.6514488429149261,0.5418407267422585,0.6629751328546509,1.01769331554593,0.00942028291572694,1.034200117152643,0.09515289924342658
"frozenset({'white', 'capital.gain=0'})","frozenset({'capital.loss=0', '<50K', 'UnitedStates'})",0.7846959750679663,0.6587427889397255,0.5418407267422585,0.6905103937806321,1.0482245959641363,0.024927911656209112,1.1026451428497717,0.21367912818898718
"frozenset({'<50K', 'UnitedStates'})","frozenset({'capital.loss=0', 'white', 'capital.gain=0'})",0.6799615410118692,0.7421921623234533,0.5418407267422585,0.7968696669754742,1.0736702803231597,0.03717860032187181,1.2691744942170662,0.21439725468811555
"frozenset({'capital.loss=0', '<50K'})","frozenset({'white', 'UnitedStates', 'capital.gain=0'})",0.7282010476758836,0.7316490948876069,0.5418407267422585,0.7440812238207977,1.0169919282618678,0.00905308931399118,1.0485784166320231,0.061472005423141365
"frozenset({'<50K', 'capital.gain=0'})","frozenset({'capital.loss=0', 'white', 'UnitedStates'})",0.7198130097473643,0.7620847423910881,0.5418407267422585,0.7527520611671502,0.9877537487567905,-0.006717785360815465,0.9622537552062377,-0.04237427834960339
"frozenset({'capital.loss=0', 'UnitedStates'})","frozenset({'white', '<50K', 'capital.gain=0'})",0.867813805450567,0.6058948345600425,0.5418407267422585,0.6243744030563515,1.0304996303685732,0.016036824659866333,1.0491967763823118,0.2239033728000014
"frozenset({'UnitedStates', 'capital.gain=0'})","frozenset({'capital.loss=0', 'white', '<50K'})",0.8336648763344606,0.6129898547841655,0.5418407267422585,0.6499502883276993,1.0602953429898896,0.030812615259338205,1.105586241928216,0.34187941382338694
"frozenset({'capital.loss=0', 'capital.gain=0'})","frozenset({'white', '<50K', 'UnitedStates'})",0.8685432000530469,0.5861348716928586,0.5418407267422585,0.6238500591670803,1.0643455786298701,0.032757269619461016,1.1002663655634448,0.4598889706704447
frozenset({'white'}),"frozenset({'capital.loss=0', '<50K', 'UnitedStates', 'capital.gain=0'})",0.8597904648232876,0.6302300908427823,0.5418407267422585,0.6302009023252227,0.9999536859347347,-2.5096009080072257e-05,0.9999210692569478,-0.0003302265816326683
frozenset({'<50K'}),"frozenset({'capital.loss=0', 'white', 'UnitedStates', 'capital.gain=0'})",0.7510775147536636,0.6908029971487302,0.5418407267422585,0.7214178511521144,1.0443177781939947,0.02299412845940807,1.1098952468060002,0.17048303955191274
frozenset({'UnitedStates'}),"frozenset({'capital.loss=0', 'white', '<50K', 'capital.gain=0'})",0.911875870300378,0.585836482991844,0.5418407267422585,0.5942044793484584,1.0142838430168764,0.007630573960358156,1.0206212142095084,0.15980513122399156
frozenset({'capital.loss=0'}),"frozenset({'white', '<50K', 'UnitedStates', 'capital.gain=0'})",0.9526888137391419,0.561037066507526,0.5418407267422585,0.5687489124760745,1.0137456977959673,0.007346989387515435,1.0178824962803614,0.2865985111310146
frozenset({'capital.gain=0'}),"frozenset({'capital.loss=0', 'white', '<50K', 'UnitedStates'})",0.9158543863139049,0.566938531927591,0.5418407267422585,0.5916232261801332,1.0435403361429927,0.022607585506008387,1.0604458819282179,0.49585084178722355
frozenset({'capital.loss=0'}),frozenset({'n_married'}),0.9526888137391419,0.5207214375704529,0.5038790531131888,0.5289020358447887,1.0157101238476072,0.007793564465653435,1.0173649620605039,0.32692338727489384
frozenset({'n_married'}),frozenset({'capital.loss=0'}),0.5207214375704529,0.9526888137391419,0.5038790531131888,0.9676556729912137,1.015710123847607,0.007793564465653435,1.4627352193170078,0.03227169850866587
frozenset({'UnitedStates'}),frozenset({'male'}),0.911875870300378,0.6756846362973278,0.6157416616935216,0.6752472367655613,0.9993526572778636,-0.0003988540786985517,0.998653130684986,-0.007296927365675362
frozenset({'male'}),frozenset({'UnitedStates'}),0.6756846362973278,0.911875870300378,0.6157416616935216,0.9112855740922472,0.9993526572778636,-0.0003988540786985517,0.9933461080079063,-0.001993340151101792
frozenset({'male'}),frozenset({'capital.gain=0'}),0.6756846362973278,0.9158543863139049,0.6101385849744712,0.9029931305201176,0.9859570953789382,-0.00869015294335207,0.8674191233801799,-0.04206931973237311
frozenset({'capital.gain=0'}),frozenset({'male'}),0.9158543863139049,0.6756846362973278,0.6101385849744712,0.6661960613958876,0.9859570953789383,-0.00869015294335207,0.9715744069973556,-0.14476196063593336
frozenset({'white'}),frozenset({'male'}),0.8597904648232876,0.6756846362973278,0.5980372654333267,0.6955616396097636,1.0294175747747638,0.017090057917293233,1.065290731716453,0.20381574842485234
frozenset({'male'}),frozenset({'white'}),0.6756846362973278,0.8597904648232876,0.5980372654333267,0.8850834151128557,1.029417574774764,0.017090057917293233,1.2200983462431247,0.08811457780501948
frozenset({'capital.loss=0'}),frozenset({'male'}),0.9526888137391419,0.6756846362973278,0.6395464491744579,0.6713067687489125,0.9935208419531255,-0.004170745441406831,0.9866809926941542,-0.12114242293146911
frozenset({'male'}),frozenset({'capital.loss=0'}),0.6756846362973278,0.9526888137391419,0.6395464491744579,0.9465161923454366,0.9935208419531254,-0.004170745441406831,0.8845889688039317,-0.01971186939935813
"frozenset({'capital.loss=0', 'UnitedStates'})",frozenset({'male'}),0.867813805450567,0.6756846362973278,0.5822558185796698,0.670945558739255,0.9929862582283321,-0.004112636929996527,0.9855978921302038,-0.05072393800801683
"frozenset({'capital.loss=0', 'male'})",frozenset({'UnitedStates'}),0.6395464491744579,0.911875870300378,0.5822558185796698,0.9104199066874028,0.9984033313520012,-0.0009311563588054739,0.9837467950843223,-0.004417096609792453
"frozenset({'UnitedStates', 'male'})",frozenset({'capital.loss=0'}),0.6157416616935216,0.9526888137391419,0.5822558185796698,0.9456170579366789,0.9925770559069467,-0.00435437466889943,0.8699637140957001,-0.019090512710453048
frozenset({'capital.loss=0'}),"frozenset({'UnitedStates', 'male'})",0.9526888137391419,0.6157416616935216,0.5822558185796698,0.6111710457630068,0.9925770559069467,-0.00435437466889943,0.9882451759810845,-0.13649397791701928
frozenset({'UnitedStates'}),"frozenset({'capital.loss=0', 'male'})",0.911875870300378,0.6395464491744579,0.5822558185796698,0.6385253054101222,0.9984033313520013,-0.0009311563588054739,0.9971750615475469,-0.017823922580957847
frozenset({'male'}),"frozenset({'capital.loss=0', 'UnitedStates'})",0.6756846362973278,0.867813805450567,0.5822558185796698,0.8617271835132483,0.9929862582283322,-0.004112636929996527,0.9559810663298245,-0.021314836975897693
"frozenset({'UnitedStates', 'male'})",frozenset({'capital.gain=0'}),0.6157416616935216,0.9158543863139049,0.5549366752867847,0.9012491923325436,0.9840529300294737,-0.00899302641143962,0.8521005111113185,-0.040466825359711474
"frozenset({'UnitedStates', 'capital.gain=0'})",frozenset({'male'}),0.8336648763344606,0.6756846362973278,0.5549366752867847,0.6656591767747067,0.9851625166770708,-0.008357873473122113,0.9700142524448307,-0.0830279819113947
"frozenset({'male', 'capital.gain=0'})",frozenset({'UnitedStates'}),0.6101385849744712,0.911875870300378,0.5549366752867847,0.9095256208226921,0.9974226212643266,-0.0014339778906523604,0.9740230383556433,-0.00658445334812993
frozenset({'UnitedStates'}),"frozenset({'male', 'capital.gain=0'})",0.911875870300378,0.6101385849744712,0.5549366752867847,0.608566026759744,0.9974226212643265,-0.0014339778906523604,0.9959825709513417,-0.0284873879114723
frozenset({'male'}),"frozenset({'UnitedStates', 'capital.gain=0'})",0.6756846362973278,0.8336648763344606,0.5549366752867847,0.8212953876349361,0.9851625166770707,-0.008357873473122113,0.9307824877275374,-0.044378317848823325
frozenset({'capital.gain=0'}),"frozenset({'UnitedStates', 'male'})",0.9158543863139049,0.6157416616935216,0.5549366752867847,0.6059223863307269,0.9840529300294737,-0.00899302641143962,0.9750828897095498,-0.16148799536129496
"frozenset({'capital.loss=0', 'male'})",frozenset({'capital.gain=0'}),0.6395464491744579,0.9158543863139049,0.5740003978516014,0.8975116640746502,0.9799720102743846,-0.011731022876308783,0.8210262458294265,-0.05365659860153273
"frozenset({'capital.loss=0', 'capital.gain=0'})",frozenset({'male'}),0.8685432000530469,0.6756846362973278,0.5740003978516014,0.6608771996793527,0.9780852844322195,-0.01286089838475879,0.956336062912979,-0.1456217487027604
"frozenset({'male', 'capital.gain=0'})",frozenset({'capital.loss=0'}),0.6101385849744712,0.9526888137391419,0.5740003978516014,0.9407705265445853,0.9874898424095278,-0.0072718068842061445,0.7987777621638285,-0.03147254231852717
frozenset({'capital.loss=0'}),"frozenset({'male', 'capital.gain=0'})",0.9526888137391419,0.6101385849744712,0.5740003978516014,0.6025056551244128,0.9874898424095278,-0.0072718068842061445,0.9807973875642245,-0.211215073520605
frozenset({'male'}),"frozenset({'capital.loss=0', 'capital.gain=0'})",0.6756846362973278,0.8685432000530469,0.5740003978516014,0.8495093228655545,0.9780852844322195,-0.01286089838475879,0.8735212203843838,-0.06462176989296996
frozenset({'capital.gain=0'}),"frozenset({'capital.loss=0', 'male'})",0.9158543863139049,0.6395464491744579,0.5740003978516014,0.626737619461338,0.9799720102743845,-0.011731022876308783,0.9656841128896106,-0.19541725938650698
"frozenset({'capital.loss=0', 'UnitedStates', 'male'})",frozenset({'capital.gain=0'}),0.5822558185796698,0.9158543863139049,0.5214508321729329,0.8955699806400182,0.977851931511158,-0.011810713230051006,0.8057607783834254,-0.05143058540146025
"frozenset({'capital.loss=0', 'UnitedStates', 'capital.gain=0'})",frozenset({'male'}),0.7896028114846496,0.6756846362973278,0.5214508321729329,0.6603963721867652,0.9773736691804323,-0.012071656324420088,0.9549820353539615,-0.09912395144084027
"frozenset({'capital.loss=0', 'male', 'capital.gain=0'})",frozenset({'UnitedStates'}),0.5740003978516014,0.911875870300378,0.5214508321729329,0.9084502974643331,0.9962433781311524,-0.0019662801707593935,0.9625823706558712,-0.008773957870311256
"frozenset({'UnitedStates', 'male', 'capital.gain=0'})",frozenset({'capital.loss=0'}),0.5549366752867847,0.9526888137391419,0.5214508321729329,0.9396582626359183,0.9863223427048745,-0.0072311307063774866,0.7840540946873695,-0.03021661277584626
"frozenset({'capital.loss=0', 'UnitedStates'})","frozenset({'male', 'capital.gain=0'})",0.867813805450567,0.6101385849744712,0.5214508321729329,0.6008787010506208,0.9848233103890032,-0.008035855105987033,0.9767993240445312,-0.1044099509948307
"frozenset({'capital.loss=0', 'male'})","frozenset({'UnitedStates', 'capital.gain=0'})",0.6395464491744579,0.8336648763344606,0.5214508321729329,0.8153447382063246,0.9780245772033868,-0.011716579288234996,0.9007873485424637,-0.05867813594784314
"frozenset({'capital.loss=0', 'capital.gain=0'})","frozenset({'UnitedStates', 'male'})",0.8685432000530469,0.6157416616935216,0.5214508321729329,0.6003740886361034,0.9750421743184445,-0.013347401080338939,0.9615451035070031,-0.16298056911316677
"frozenset({'UnitedStates', 'male'})","frozenset({'capital.loss=0', 'capital.gain=0'})",0.6157416616935216,0.8685432000530469,0.5214508321729329,0.8468662502692226,0.9750421743184445,-0.013347401080338939,0.8584443349559828,-0.06245297157127765
"frozenset({'UnitedStates', 'capital.gain=0'})","frozenset({'capital.loss=0', 'male'})",0.8336648763344606,0.6395464491744579,0.5214508321729329,0.6254921455557765,0.9780245772033868,-0.011716579288234996,0.9624726065103807,-0.11900783429159706
"frozenset({'male', 'capital.gain=0'})","frozenset({'capital.loss=0', 'UnitedStates'})",0.6101385849744712,0.867813805450567,0.5214508321729329,0.8546432646851058,0.9848233103890032,-0.008035855105987033,0.9093916031002681,-0.03802525610872386
frozenset({'capital.loss=0'}),"frozenset({'UnitedStates', 'male', 'capital.gain=0'})",0.9526888137391419,0.5549366752867847,0.5214508321729329,0.5473464416217158,0.9863223427048745,-0.0072311307063774866,0.9832316933677439,-0.22666992852060538
frozenset({'UnitedStates'}),"frozenset({'capital.loss=0', 'male', 'capital.gain=0'})",0.911875870300378,0.5740003978516014,0.5214508321729329,0.5718440954043048,0.9962433781311524,-0.0019662801707593935,0.9949637446917081,-0.041033687328302274
frozenset({'male'}),"frozenset({'capital.loss=0', 'UnitedStates', 'capital.gain=0'})",0.6756846362973278,0.7896028114846496,0.5214508321729329,0.7717369970559372,0.9773736691804323,-0.012071656324420088,0.9217314492568447,-0.0666257041047012
frozenset({'capital.gain=0'}),"frozenset({'capital.loss=0', 'UnitedStates', 'male'})",0.9158543863139049,0.5822558185796698,0.5214508321729329,0.5693599768317406,0.9778519315111581,-0.011810713230051006,0.9700542423970413,-0.21208526652183377
"frozenset({'UnitedStates', 'male'})",frozenset({'white'}),0.6157416616935216,0.8597904648232876,0.5585836482991844,0.9071720870127074,1.0551083364237566,0.02917483878064797,1.5104242965788308,0.13592425028289296
"frozenset({'UnitedStates', 'white'})",frozenset({'male'}),0.8029308401299649,0.6756846362973278,0.5585836482991844,0.6956808985052441,1.0295940755993704,0.016055615614061214,1.0657082059906806,0.1458545826255556
"frozenset({'white', 'male'})",frozenset({'UnitedStates'}),0.5980372654333267,0.911875870300378,0.5585836482991844,0.9340281627674908,1.0242931008359895,0.013247896410111482,1.3357840769090592,0.05900283960330152
frozenset({'UnitedStates'}),"frozenset({'white', 'male'})",0.911875870300378,0.5980372654333267,0.5585836482991844,0.6125654450261779,1.0242931008359895,0.013247896410111482,1.0374984094896567,0.2691310862868426
frozenset({'male'}),"frozenset({'UnitedStates', 'white'})",0.6756846362973278,0.8029308401299649,0.5585836482991844,0.826692836113837,1.0295940755993704,0.016055615614061214,1.137109138774438,0.08862805552303235
frozenset({'white'}),"frozenset({'UnitedStates', 'male'})",0.8597904648232876,0.6157416616935216,0.5585836482991844,0.6496741603362511,1.0551083364237566,0.02917483878064797,1.0968598224878265,0.3725140838918726
"frozenset({'white', 'male'})",frozenset({'capital.gain=0'}),0.5980372654333267,0.9158543863139049,0.5384921424308733,0.9004324204457257,0.983161115895018,-0.009222910295412001,0.845110567744868,-0.04086780306765258
"frozenset({'white', 'capital.gain=0'})",frozenset({'male'}),0.7846959750679663,0.6756846362973278,0.5384921424308733,0.6862430285617712,1.01562621332091,0.008285127913097545,1.0336514985341836,0.0714607711732396
"frozenset({'male', 'capital.gain=0'})",frozenset({'white'}),0.6101385849744712,0.8597904648232876,0.5384921424308733,0.8825734934521546,1.026498349959661,0.013900804849049764,1.1940194705493015,0.06621407571565208
frozenset({'white'}),"frozenset({'male', 'capital.gain=0'})",0.8597904648232876,0.6101385849744712,0.5384921424308733,0.626306250723017,1.026498349959661,0.013900804849049764,1.0432644800182687,0.18411239449996517
frozenset({'male'}),"frozenset({'white', 'capital.gain=0'})",0.6756846362973278,0.7846959750679663,0.5384921424308733,0.7969578017664377,1.01562621332091,0.008285127913097545,1.0603905336188613,0.04744083500296647
frozenset({'capital.gain=0'}),"frozenset({'white', 'male'})",0.9158543863139049,0.5980372654333267,0.5384921424308733,0.5879669852302346,0.9831611158950181,-0.009222910295412001,0.9755595308091534,-0.16912015116128323
"frozenset({'capital.loss=0', 'white'})",frozenset({'male'}),0.8172866520787746,0.6756846362973278,0.565247662621842,0.6916149446269928,1.0235765436623825,0.013019628361334523,1.0516571995046793,0.12606355123643218
"frozenset({'capital.loss=0', 'male'})",frozenset({'white'}),0.6395464491744579,0.8597904648232876,0.565247662621842,0.8838258164852254,1.02795489441358,0.015371723810051807,1.2068906441583134,0.0754456994946523
"frozenset({'white', 'male'})",frozenset({'capital.loss=0'}),0.5980372654333267,0.9526888137391419,0.565247662621842,0.9451713050227297,0.992109166594591,-0.00449575035563432,0.8628909785372666,-0.0194029691857285
frozenset({'capital.loss=0'}),"frozenset({'white', 'male'})",0.9526888137391419,0.5980372654333267,0.565247662621842,0.593318253001566,0.9921091665945911,-0.00449575035563432,0.9883963013668798,-0.14391795042140007
frozenset({'white'}),"frozenset({'capital.loss=0', 'male'})",0.8597904648232876,0.6395464491744579,0.565247662621842,0.6574249026337099,1.02795489441358,0.015371723810051807,1.0521884211569994,0.1939573527798202
frozenset({'male'}),"frozenset({'capital.loss=0', 'white'})",0.6756846362973278,0.8172866520787746,0.565247662621842,0.8365554465161923,1.0235765436623825,0.013019628361334523,1.1178919335438524,0.07102190051768328
"frozenset({'capital.loss=0', 'UnitedStates', 'male'})",frozenset({'white'}),0.5822558185796698,0.8597904648232876,0.527087063192096,0.9052499715294384,1.052872773735045,0.02646906228941792,1.479783567772488,0.12021143719785056
"frozenset({'capital.loss=0', 'UnitedStates', 'white'})",frozenset({'male'}),0.7620847423910881,0.6756846362973278,0.527087063192096,0.6916383885843557,1.023611240259143,0.012158111201830857,1.0517371543551952,0.09695304640662776
"frozenset({'capital.loss=0', 'white', 'male'})",frozenset({'UnitedStates'}),0.565247662621842,0.911875870300378,0.527087063192096,0.9324887090151915,1.0226048735208044,0.011651358903549403,1.3053243155941412,0.050845473685640616
"frozenset({'UnitedStates', 'male', 'white'})",frozenset({'capital.loss=0'}),0.5585836482991844,0.9526888137391419,0.527087063192096,0.9436134852801519,0.9904739844447518,-0.005069330080136103,0.8390514380241427,-0.02132352239464511
"frozenset({'capital.loss=0', 'UnitedStates'})","frozenset({'white', 'male'})",0.867813805450567,0.5980372654333267,0.527087063192096,0.6073734479465138,1.0156113724893419,0.008102068075149904,1.0237787853734235,0.11628599969652183
"frozenset({'capital.loss=0', 'male'})","frozenset({'UnitedStates', 'white'})",0.6395464491744579,0.8029308401299649,0.527087063192096,0.8241575946086055,1.026436591319876,0.01357549545431258,1.1207146503222223,0.07145358503728344
"frozenset({'capital.loss=0', 'white'})","frozenset({'UnitedStates', 'male'})",0.8172866520787746,0.6157416616935216,0.527087063192096,0.6449231268508376,1.0473923838076118,0.023849621961176237,1.082183513948703,0.24764460260508037
"frozenset({'UnitedStates', 'male'})","frozenset({'capital.loss=0', 'white'})",0.6157416616935216,0.8172866520787746,0.527087063192096,0.8560198147749299,1.0473923838076118,0.023849621961176237,1.269017313983918,0.11775404701955117
"frozenset({'UnitedStates', 'white'})","frozenset({'capital.loss=0', 'male'})",0.8029308401299649,0.6395464491744579,0.527087063192096,0.656453877281361,1.026436591319876,0.01357549545431258,1.0492144343621368,0.13069370399147806
"frozenset({'white', 'male'})","frozenset({'capital.loss=0', 'UnitedStates'})",0.5980372654333267,0.867813805450567,0.527087063192096,0.8813615700188491,1.0156113724893419,0.008102068075149904,1.1141937277021834,0.03824086776559159
frozenset({'capital.loss=0'}),"frozenset({'UnitedStates', 'male', 'white'})",0.9526888137391419,0.5585836482991844,0.527087063192096,0.553262571776579,0.9904739844447517,-0.005069330080136103,0.9880890290662098,-0.16894137902612935
frozenset({'UnitedStates'}),"frozenset({'capital.loss=0', 'white', 'male'})",0.911875870300378,0.565247662621842,0.527087063192096,0.5780250145433391,1.0226048735208044,0.011651358903549403,1.0302798799973165,0.25084149602701494
frozenset({'male'}),"frozenset({'capital.loss=0', 'UnitedStates', 'white'})",0.6756846362973278,0.7620847423910881,0.527087063192096,0.7800785083415112,1.0236112402591429,0.012158111201830857,1.0818190428535521,0.07112400950868543
frozenset({'white'}),"frozenset({'capital.loss=0', 'UnitedStates', 'male'})",0.8597904648232876,0.5822558185796698,0.527087063192096,0.6130412987313462,1.0528727737350452,0.02646906228941792,1.079557534307267,0.3581612931409121
"frozenset({'UnitedStates', 'male', 'capital.gain=0'})",frozenset({'white'}),0.5549366752867847,0.8597904648232876,0.5019561037066508,0.9045286175170272,1.0520337855839499,0.024826841714336356,1.4686027533090198,0.11113066878384197
"frozenset({'UnitedStates', 'male', 'white'})",frozenset({'capital.gain=0'}),0.5585836482991844,0.9158543863139049,0.5019561037066508,0.8986229819563154,0.9811854322967849,-0.009625180711380854,0.8300265218871964,-0.04163197839102988
"frozenset({'UnitedStates', 'white', 'capital.gain=0'})",frozenset({'male'}),0.7316490948876069,0.6756846362973278,0.5019561037066508,0.6860612651803517,1.0153572070838943,0.007592051130249078,1.0330530378450595,0.05636250933956699
"frozenset({'white', 'male', 'capital.gain=0'})",frozenset({'UnitedStates'}),0.5384921424308733,0.911875870300378,0.5019561037066508,0.9321512129048147,1.0222347616214014,0.01091811267758308,1.2988313199466988,0.04713057440896456
"frozenset({'UnitedStates', 'male'})","frozenset({'white', 'capital.gain=0'})",0.6157416616935216,0.7846959750679663,0.5019561037066508,0.815205685978893,1.0388809320810957,0.01878610009408299,1.1651009181345369,0.09739745122600364
"frozenset({'UnitedStates', 'capital.gain=0'})","frozenset({'white', 'male'})",0.8336648763344606,0.5980372654333267,0.5019561037066508,0.6021077749055478,1.0068064478712238,0.0033934407757774676,1.0102301809774112,0.04064345031384703
"frozenset({'UnitedStates', 'white'})","frozenset({'male', 'capital.gain=0'})",0.8029308401299649,0.6101385849744712,0.5019561037066508,0.6251548435048312,1.0246112258758202,0.012057017077390708,1.0400598974540933,0.1218864621095888
"frozenset({'male', 'capital.gain=0'})","frozenset({'UnitedStates', 'white'})",0.6101385849744712,0.8029308401299649,0.5019561037066508,0.8226919523990655,1.0246112258758202,0.012057017077390708,1.1114507352400425,0.061611797838200165
"frozenset({'white', 'male'})","frozenset({'UnitedStates', 'capital.gain=0'})",0.5980372654333267,0.8336648763344606,0.5019561037066508,0.8393391728573013,1.0068064478712238,0.0033934407757774676,1.0353184819458248,0.01681855742531924
"frozenset({'white', 'capital.gain=0'})","frozenset({'UnitedStates', 'male'})",0.7846959750679663,0.6157416616935216,0.5019561037066508,0.6396822714213284,1.0388809320810957,0.01878610009408299,1.0664430524199966,0.17382760389734864
frozenset({'UnitedStates'}),"frozenset({'white', 'male', 'capital.gain=0'})",0.911875870300378,0.5384921424308733,0.5019561037066508,0.5504653868528214,1.0222347616214014,0.01091811267758308,1.0266347553042108,0.24682377568577382
frozenset({'male'}),"frozenset({'UnitedStates', 'white', 'capital.gain=0'})",0.6756846362973278,0.7316490948876069,0.5019561037066508,0.7428851815505397,1.0153572070838943,0.007592051130249078,1.0437006576699563,0.0466364905535121
frozenset({'capital.gain=0'}),"frozenset({'UnitedStates', 'male', 'white'})",0.9158543863139049,0.5585836482991844,0.5019561037066508,0.5480741384303505,0.9811854322967849,-0.009625180711380854,0.9767450576244258,-0.1855900683043151
frozenset({'white'}),"frozenset({'UnitedStates', 'male', 'capital.gain=0'})",0.8597904648232876,0.5549366752867847,0.5019561037066508,0.5838121312613272,1.0520337855839499,0.024826841714336356,1.069380820882777,0.3527590678066433
"frozenset({'capital.loss=0', 'white', 'male'})",frozenset({'capital.gain=0'}),0.565247662621842,0.9158543863139049,0.5057025396193886,0.8946565780984223,0.9768546086231035,-0.011982011546507687,0.7987742582039175,-0.05168283011845362
"frozenset({'capital.loss=0', 'white', 'capital.gain=0'})",frozenset({'male'}),0.7421921623234533,0.6756846362973278,0.5057025396193886,0.6813633520950594,1.008404387924003,0.004214698357138835,1.0178219167037739,0.032327732735029875
"frozenset({'capital.loss=0', 'male', 'capital.gain=0'})",frozenset({'white'}),0.5740003978516014,0.8597904648232876,0.5057025396193886,0.8810142667359786,1.024684853788246,0.012182470741808227,1.1783726614147667,0.056549796820225345
"frozenset({'white', 'male', 'capital.gain=0'})",frozenset({'capital.loss=0'}),0.5384921424308733,0.9526888137391419,0.5057025396193886,0.9391084841768255,0.9857452618667621,-0.007312900760929164,0.776975012385092,-0.030381983404434938
"frozenset({'capital.loss=0', 'white'})","frozenset({'male', 'capital.gain=0'})",0.8172866520787746,0.6101385849744712,0.5057025396193886,0.6187578597217152,1.01412674916733,0.007044418201522129,1.022608399850427,0.07623944401238816
"frozenset({'capital.loss=0', 'male'})","frozenset({'white', 'capital.gain=0'})",0.6395464491744579,0.7846959750679663,0.5057025396193886,0.7907205806117159,1.0076776302353632,0.00385301508318181,1.0287873769975056,0.021137628771758284
"frozenset({'capital.loss=0', 'capital.gain=0'})","frozenset({'white', 'male'})",0.8685432000530469,0.5980372654333267,0.5057025396193886,0.5822422414780318,0.9735885623384187,-0.013718660651046322,0.9621909500587665,-0.17106266159411243
"frozenset({'white', 'male'})","frozenset({'capital.loss=0', 'capital.gain=0'})",0.5980372654333267,0.8685432000530469,0.5057025396193886,0.8456037254684554,0.9735885623384186,-0.013718660651046322,0.8514246884894577,-0.06322189623724826
"frozenset({'white', 'capital.gain=0'})","frozenset({'capital.loss=0', 'male'})",0.7846959750679663,0.6395464491744579,0.5057025396193886,0.6444566503295589,1.0076776302353632,0.00385301508318181,1.0138104148471694,0.035387788729066214
"frozenset({'male', 'capital.gain=0'})","frozenset({'capital.loss=0', 'white'})",0.6101385849744712,0.8172866520787746,0.5057025396193886,0.8288322556104983,1.01412674916733,0.007044418201522129,1.0674519815220038,0.035730553274281075
frozenset({'capital.loss=0'}),"frozenset({'white', 'male', 'capital.gain=0'})",0.9526888137391419,0.5384921424308733,0.5057025396193886,0.530816077953715,0.9857452618667621,-0.007312900760929164,0.9836395406652467,-0.23410056295252799
frozenset({'white'}),"frozenset({'capital.loss=0', 'male', 'capital.gain=0'})",0.8597904648232876,0.5740003978516014,0.5057025396193886,0.5881695137469632,1.024684853788246,0.012182470741808227,1.0344052137185786,0.1718156394757804
frozenset({'male'}),"frozenset({'capital.loss=0', 'white', 'capital.gain=0'})",0.6756846362973278,0.7421921623234533,0.5057025396193886,0.7484298331697742,1.008404387924003,0.004214698357138835,1.024794954524677,0.025698267199712983
frozenset({'capital.gain=0'}),"frozenset({'capital.loss=0', 'white', 'male'})",0.9158543863139049,0.565247662621842,0.5057025396193886,0.5521647842455835,0.9768546086231034,-0.011982011546507687,0.9707864010778623,-0.21971368462400281
